{"data_name": "douban_book", "train_performance": {"fic": [0.06714612892461005, 0.0819151341861663, 0.09247819921474551, 0.10002847598489852, 0.10546190475567155, 0.10970712927377507, 0.11327312021275066, 0.11567021608253343, 0.11831861519204916, 0.12002986736908824, 0.12165539513943431, 0.12291923756664296, 0.12396530877774913, 0.1250435694689819, 0.1255233847096465, 0.12617518057066324, 0.12696200610178676, 0.12693210940822805, 0.1269643967881637, 0.1269187414421968, 0.12668749857790756, 0.12600363932597888, 0.12617779963948253, 0.12584466677878117, 0.12538568429184546, 0.12455964606435535, 0.12446099326051696, 0.12428432368937871, 0.12392395965190744, 0.12375890586883484], "cuco": [0.06668213784116825, 0.08128940533892086, 0.09257506955278019, 0.10000935316859046, 0.1059100969387659, 0.11044421718846345, 0.11374665524414611, 0.11604194159593922, 0.11863450274017508, 0.12007158053756754, 0.12153299897503379, 0.12125377264899583, 0.12235891412801746, 0.12307163259389967, 0.1242191912669963, 0.1250021797051247, 0.12550397791083065, 0.12475336141584875, 0.12508526760533858, 0.1255556205203084, 0.12574687785207625, 0.12598604960136622, 0.12564533587334598, 0.12562039464449132, 0.12526513578295836, 0.1250845336013459, 0.12460098186527976, 0.12454608752834331, 0.1246188250341116, 0.12416993826911248, 0.12397755974443035, 0.12381247090654354, 0.12357627461862855]}, "training_time": {"fic": 859.6087486743927, "cuco": 934.9770781993866}}