{"data_name": "gowalla", "train_performance": {"fic": [0.13500120229403256, 0.15348596278617171, 0.16815089977185732, 0.17907089181662622, 0.1879234220134015, 0.1945086649398737, 0.19937382895096206, 0.20324162130765458, 0.20619076456475607, 0.20882186412131495, 0.2103068989967473, 0.2109249677604228, 0.21148980437816473, 0.21144606986801812, 0.21053460884679717, 0.2099995343532472, 0.20917893005364244, 0.2084655882074073, 0.20723436589805902, 0.20600234983636115, 0.20475192417755242, 0.2028672465235734, 0.2017507992599229, 0.2004513437362074]}, "training_time": {"fic": 2353.3193423748016}}