{"data_name": "ml_1m", "train_performance": {"fic": [0.1317807745449893, 0.16319379403305734, 0.18705786011442124, 0.20047801867453205, 0.20919526695709528, 0.21505650119025627, 0.22026271401297687, 0.22528789084103507, 0.22893703184441558, 0.2320987570597021, 0.2346438076422426, 0.23698969723599392, 0.23812610659165676, 0.2390162590377752, 0.24087061676897578, 0.2415923944363236, 0.24191460141193127, 0.24270501652117474, 0.24321343910650073, 0.24304498436275462, 0.2427106235860378, 0.24225674609247047, 0.24130856634230086, 0.24096898831057337, 0.2396498841626468, 0.2387634868145706, 0.23761982043855, 0.2367042082189847, 0.23503676751629718, 0.23376356407140364], "cuco": [0.1317807745449893, 0.1633455650907008, 0.18742245036195485, 0.20092501329882256, 0.20915993076606587, 0.2151856333932936, 0.2206638283983694, 0.22558815440986757, 0.22844498380032627, 0.2318716442747569, 0.234659423963499, 0.23671184573313694, 0.23813115729473378, 0.23968863899455403, 0.24065708977687578, 0.24143988065146163, 0.24215084037953324, 0.24294989556339, 0.24302967104335718, 0.24318387090249108, 0.24273575049516938, 0.24278662944898385, 0.24172377629670247, 0.2409494305927121, 0.2400879843349246, 0.23847014588072038, 0.23695184375170203, 0.23603675155713916, 0.23473851859986883, 0.2328109529459696, 0.23175654402131823]}, "training_time": {"fic": 1451.8907516002655, "cuco": 1552.5311131477356}}