{"data_name": "ml_100k", "train_performance": {"ahns": [0.03794922638222201, 0.2762876819204148, 0.28714082050014955, 0.29172404516090505, 0.2985366038314907, 0.30504584513083666, 0.3109972610429335, 0.31507127035459304, 0.3194197321328679, 0.3211066020087557, 0.3206898732174745, 0.3227944098139001, 0.323612356358839, 0.3238233770764398, 0.3230461193038003, 0.3226308472559819, 0.322553152703865, 0.3215337314794592, 0.32116662283988634, 0.3212319849458153, 0.3217338110656113, 0.31972660619649096, 0.31940458726455806, 0.3212080759249592, 0.320778234113795], "fic": [0.252112382263902, 0.2647043618759394, 0.26470655529663306, 0.26889071978712437, 0.2707692470935212, 0.2783295807120395, 0.28319838185270346, 0.2885538321568691, 0.29167028245742205, 0.29691681512677526, 0.29968513684287607, 0.3021579613104726, 0.3053357464301067, 0.3082160084606886, 0.3106619653356872, 0.3121123599973915, 0.31485492144942584, 0.31823595652192627, 0.3183140235546656, 0.32126467435672057, 0.32351533957054096, 0.32600559731795525, 0.32691958858984566, 0.3269726377140955, 0.32851611588264407, 0.32987023845180846, 0.3308020962829318, 0.3314912839425896, 0.33245354655614157, 0.3344481933519272, 0.33493711381955804, 0.3349575955333434, 0.33550506056717305, 0.33573666515037026, 0.33634340081155556, 0.3378006105192312, 0.33897360724954917, 0.33784709989130784, 0.3392851432540656, 0.33934010407815113, 0.34082615149558054, 0.3401233893770077, 0.3419428480409221, 0.342021770375497, 0.3414386193912558, 0.3409429900861875, 0.3403607070000148, 0.3395325843702404, 0.3393331641552203, 0.3396497236706269, 0.33976736742546726, 0.34018930898651334, 0.33958997501290245, 0.33963777071982487, 0.3386829748301263], "cuco": [0.25187478950868936, 0.2755843436434329, 0.2768367643140353, 0.28260905346291265, 0.28586392441742364, 0.29050473341591815, 0.29621690137657275, 0.3000965786141412, 0.3034874949991365, 0.3074637711901113, 0.311002819575472, 0.31319815414455565, 0.31776608245623805, 0.3204483222352245, 0.3212779145102302, 0.32527963675915483, 0.3282132205506036, 0.3292005256852409, 0.3296535505445226, 0.3310355923975408, 0.3326247217896731, 0.3319354677190492, 0.3337127022219409, 0.3353812677914987, 0.3364541905269787, 0.33685117746796234, 0.33802326494334994, 0.3384265037884249, 0.33812240275099065, 0.3377922619860864, 0.3367775505278243, 0.33887912089815847, 0.3388020574915065, 0.337747342345137, 0.3382238638877724, 0.3373901145526208, 0.3375956729681104, 0.33789148005142977, 0.3375620952300906, 0.3380644924726965, 0.33644089673884336, 0.3349915591721341, 0.3350283943840748]}, "training_time": {"ahns": 47.833629846572876, "fic": 125.9371337890625, "cuco": 152.1826410293579}}