{"data_name": "yelp2018", "train_performance": {"fic": [0.060498885394153386, 0.07451852991486074, 0.08327265184169706, 0.08930909592871465, 0.09365022515660422, 0.09706107477661498, 0.09991939443506602, 0.10163100113406166, 0.10253511030319669, 0.10349020608213681, 0.10388912467316691, 0.10382952484938006, 0.10328816607736234, 0.10285062505186442, 0.10243676839710676, 0.10114034021952838, 0.1004229302943439, 0.0994899457781951, 0.09826354953300548, 0.09746669992233455, 0.09643264443367688, 0.0954446878218251], "cuco": [0.06138819256965689, 0.07539077419008133, 0.08367871457637398, 0.08956153185239796, 0.09426555686756657, 0.09823148046182169, 0.10098523341760558, 0.10223237531834924, 0.10309285416964217, 0.10358600099474026, 0.10347686259169082, 0.1039362178373375, 0.10357456963708296, 0.10380645114613639, 0.10356337178005627, 0.1031245949399229, 0.10207068464286874, 0.1018704295741894, 0.1014251636131359, 0.10061346396211163, 0.09985677426278736, 0.09879999200422412, 0.09810768831329399], "dnsmn": [0.055308673478972364, 0.06768231602492625, 0.07559357404692345, 0.08086237592432718, 0.0854403929229113, 0.0890260404403987, 0.09208169720900435, 0.09397146132216663, 0.09608130457652789, 0.09819701548539751, 0.0994372262998987, 0.10029156053595445, 0.10072756088333257, 0.10157307943318265, 0.10226937316522285, 0.10223395192280074, 0.10208103275443094, 0.10176574818338943, 0.10146857668223824, 0.10111909448086365, 0.10066546702941015, 0.1000923183547483, 0.09965010120212686, 0.09888155062459757, 0.09842638213493803, 0.0973396266902438]}, "training_time": {"fic": 2346.890070438385, "cuco": 2932.7828629016876, "dnsmn": 3403.765110731125}}